{"cameraMode":{"drawMode":0,"name":"Shaded","section":"Shading Mode"},"sceneLighting":false,"audioPlay":false,"sceneViewState":{"m_AlwaysRefresh":false,"showFog":true,"showSkybox":false,"showFlares":true,"showImageEffects":true,"showParticleSystems":true,"showVisualEffectGraphs":true,"m_FxEnabled":true},"in2DMode":false,"pivot":{"x":-3.074658155441284,"y":-0.04853147268295288,"z":6.048624038696289},"rotation":{"x":-0.6309764981269836,"y":-0.0007006845553405583,"z":0.0005701704067178071,"w":-0.7758052945137024},"size":0.8660253882408142,"orthographic":false}