{"cameraMode":{"drawMode":0,"name":"Shaded","section":"Shading Mode"},"sceneLighting":true,"audioPlay":false,"sceneViewState":{"m_AlwaysRefresh":false,"showFog":true,"showSkybox":false,"showFlares":true,"showImageEffects":true,"showParticleSystems":true,"showVisualEffectGraphs":true,"m_FxEnabled":true},"in2DMode":false,"pivot":{"x":0.014399999752640725,"y":1.0307000875473023,"z":-0.012000000104308129},"rotation":{"x":-0.18899576365947724,"y":0.3387179374694824,"z":-0.06965295970439911,"w":-0.9190751910209656},"size":0.5757169723510742,"orthographic":false}