{"cameraMode":{"drawMode":0,"name":"Shaded","section":"Shading Mode"},"sceneLighting":true,"audioPlay":false,"sceneViewState":{"m_AlwaysRefresh":false,"showFog":true,"showSkybox":false,"showFlares":true,"showImageEffects":true,"showParticleSystems":true,"showVisualEffectGraphs":true,"m_FxEnabled":true},"in2DMode":false,"pivot":{"x":-0.697197437286377,"y":0.6373767852783203,"z":2.7989249229431154},"rotation":{"x":-0.5086086988449097,"y":0.043096449226140979,"z":-0.025501061230897905,"w":-0.8595417141914368},"size":0.9796741008758545,"orthographic":false}