{"cameraMode":{"drawMode":0,"name":"Shaded","section":"Shading Mode"},"sceneLighting":true,"audioPlay":false,"sceneViewState":{"m_AlwaysRefresh":false,"showFog":true,"showSkybox":false,"showFlares":true,"showImageEffects":true,"showParticleSystems":true,"showVisualEffectGraphs":true,"m_FxEnabled":true},"in2DMode":false,"pivot":{"x":0.059890490025281909,"y":0.24116438627243043,"z":0.0435565747320652},"rotation":{"x":-0.3890405595302582,"y":-0.06982042640447617,"z":0.0295861829072237,"w":-0.9180948734283447},"size":0.10986532270908356,"orthographic":false}