{"cameraMode":{"drawMode":0,"name":"Shaded","section":"Shading Mode"},"sceneLighting":false,"audioPlay":false,"sceneViewState":{"m_AlwaysRefresh":false,"showFog":true,"showSkybox":false,"showFlares":true,"showImageEffects":true,"showParticleSystems":true,"showVisualEffectGraphs":true,"m_FxEnabled":true},"in2DMode":false,"pivot":{"x":0.2004004567861557,"y":-0.6666803359985352,"z":1.1335711479187012},"rotation":{"x":-0.7111271619796753,"y":-0.034325942397117618,"z":0.03480398282408714,"w":-0.7013645172119141},"size":2.8929595947265627,"orthographic":false}