{"cameraMode":{"drawMode":0,"name":"Shaded","section":"Shading Mode"},"sceneLighting":false,"audioPlay":false,"sceneViewState":{"m_AlwaysRefresh":false,"showFog":true,"showSkybox":false,"showFlares":true,"showImageEffects":true,"showParticleSystems":true,"showVisualEffectGraphs":true,"m_FxEnabled":true},"in2DMode":false,"pivot":{"x":-0.025101400911808015,"y":0.36000001430511477,"z":-0.5011559724807739},"rotation":{"x":-0.44656702876091006,"y":0.2530823349952698,"z":-0.1333085149526596,"w":-0.8477948904037476},"size":0.4119568169116974,"orthographic":false}