{"cameraMode":{"drawMode":0,"name":"Shaded","section":"Shading Mode"},"sceneLighting":true,"audioPlay":false,"sceneViewState":{"m_AlwaysRefresh":false,"showFog":true,"showSkybox":false,"showFlares":true,"showImageEffects":true,"showParticleSystems":true,"showVisualEffectGraphs":true,"m_FxEnabled":true},"in2DMode":false,"pivot":{"x":0.000005997717380523682,"y":0.45873382687568667,"z":-0.07217457890510559},"rotation":{"x":-0.44656702876091006,"y":0.2530823349952698,"z":-0.1333085149526596,"w":-0.8477948904037476},"size":0.10228313505649567,"orthographic":false}