{"cameraMode":{"drawMode":0,"name":"Shaded","section":"Shading Mode"},"sceneLighting":true,"audioPlay":false,"sceneViewState":{"showFog":true,"showMaterialUpdate":false,"showSkybox":true,"showFlares":true,"showImageEffects":true,"showParticleSystems":true},"in2DMode":false,"pivot":{"x":-0.11255550384521485,"y":0.2157268524169922,"z":-0.03606128692626953},"rotation":{"x":-0.08524248003959656,"y":0.9002763032913208,"z":-0.204923614859581,"w":-0.3744897246360779},"size":10.0,"orthographic":false}