{"cameraMode":{"drawMode":0,"name":"Shaded","section":"Shading Mode"},"sceneLighting":true,"audioPlay":false,"sceneViewState":{"m_AlwaysRefresh":false,"showFog":true,"showSkybox":false,"showFlares":true,"showImageEffects":true,"showParticleSystems":true,"showVisualEffectGraphs":true,"m_FxEnabled":true},"in2DMode":false,"pivot":{"x":0.02519814670085907,"y":0.6166347861289978,"z":0.017272010445594789},"rotation":{"x":-0.1633979231119156,"y":0.37067171931266787,"z":-0.06642120331525803,"w":-0.9118621945381165},"size":0.241023451089859,"orthographic":false}