{"cameraMode":{"drawMode":0,"name":"Shaded","section":"Shading Mode"},"sceneLighting":false,"audioPlay":false,"sceneViewState":{"m_AlwaysRefresh":false,"showFog":true,"showSkybox":false,"showFlares":true,"showImageEffects":true,"showParticleSystems":true,"showVisualEffectGraphs":true,"m_FxEnabled":true},"in2DMode":false,"pivot":{"x":0.06470741331577301,"y":0.22936105728149415,"z":5.028629302978516},"rotation":{"x":-0.523285448551178,"y":-0.016106273978948594,"z":0.00989315751940012,"w":-0.8519504070281982},"size":1.0124043226242066,"orthographic":false}