{"cameraMode":{"drawMode":0,"name":"Shaded","section":"Shading Mode"},"sceneLighting":true,"audioPlay":false,"sceneViewState":{"m_AlwaysRefresh":false,"showFog":true,"showSkybox":false,"showFlares":true,"showImageEffects":true,"showParticleSystems":true,"showVisualEffectGraphs":true,"m_FxEnabled":true},"in2DMode":false,"pivot":{"x":-7.450580596923828e-9,"y":0.9191601872444153,"z":-0.0007249673362821341},"rotation":{"x":-0.44656702876091006,"y":0.2530823349952698,"z":-0.1333085149526596,"w":-0.8477948904037476},"size":0.11186759918928147,"orthographic":false}