{"cameraMode":{"drawMode":0,"name":"Shaded","section":"Shading Mode"},"sceneLighting":false,"audioPlay":false,"sceneViewState":{"m_AlwaysRefresh":false,"showFog":true,"showSkybox":false,"showFlares":true,"showImageEffects":true,"showParticleSystems":true,"showVisualEffectGraphs":true,"m_FxEnabled":true},"in2DMode":false,"pivot":{"x":-4.732325553894043,"y":0.051681190729141238,"z":1.3805490732192994},"rotation":{"x":-0.39985033869743349,"y":0.07465972751379013,"z":-0.032699134200811389,"w":-0.9129506945610046},"size":0.7631273865699768,"orthographic":false}