{"cameraMode":{"drawMode":0,"name":"Shaded","section":"Shading Mode"},"sceneLighting":false,"audioPlay":false,"sceneViewState":{"m_AlwaysRefresh":false,"showFog":true,"showSkybox":false,"showFlares":true,"showImageEffects":true,"showParticleSystems":true,"showVisualEffectGraphs":true,"m_FxEnabled":true},"in2DMode":false,"pivot":{"x":0.2693060338497162,"y":-0.4606938362121582,"z":0.8224151134490967},"rotation":{"x":-0.46066558361053469,"y":-0.01411415170878172,"z":0.007326573133468628,"w":-0.8874334692955017},"size":1.5254619121551514,"orthographic":false}